Date,% 1-10B,% >10B
2016 - Jan,30.81,-7.24
2016 - Jan,21.80,-4.81
2016 - Jan,16.78,-4.71
2016 - Jan,3.20,-4.60
2016 - Jan,-5.23,-4.67
2016 - Jan,-14.82,-4.68
2016 - Jan,-25.10,5.78
2016 - Jan,-21.77,5.66
2016 - Jan,-23.88,5.90
2016 - Jan,-21.20,3.81
2016 - Jan,-26.94,4.13
2016 - Jan,-36.04,2.50
2016 - Jan,-37.63,-6.41
2016 - Jan,-34.89,-11.43
2016 - Jan,-28.17,-13.82
2016 - Jan,-28.55,-19.11
2016 - Jan,-17.18,-16.76
2016 - Jan,-18.69,-14.55
2016 - Jan,-16.20,-7.21
2016 - Jan,-7.95,-6.92
2016 - Jan,12.38,-7.30
2016 - Feb,30.40,-1.51
2016 - Feb,14.65,-6.04
2016 - Feb,20.76,-10.82
2016 - Feb,16.22,-9.89
2016 - Feb,12.94,-3.98
2016 - Feb,22.72,-10.43
2016 - Feb,11.34,-2.12
2016 - Feb,22.32,-13.55
2016 - Feb,23.24,-12.95
2016 - Feb,32.99,-28.59
2016 - Feb,38.98,-37.36
2016 - Feb,39.67,-38.82
2016 - Feb,42.06,-35.33
2016 - Feb,48.83,-34.97
2016 - Feb,39.18,-40.36
2016 - Feb,33.49,-34.27
2016 - Feb,32.38,-30.44
2016 - Feb,27.39,-25.09
2016 - Feb,24.61,-23.41
2016 - Feb,26.55,-26.10
2016 - Feb,19.70,-17.30
2016 - Mar,11.40,-12.76
2016 - Mar,19.34,-20.65
2016 - Mar,17.14,-18.85
2016 - Mar,23.77,-24.65
2016 - Mar,30.05,-29.61
2016 - Mar,22.62,-18.07
2016 - Mar,18.48,-15.25
2016 - Mar,17.69,-14.25
2016 - Mar,10.61,-11.27
2016 - Mar,9.23,-9.06
2016 - Mar,13.11,-10.54
2016 - Mar,6.99,-6.00
2016 - Mar,18.34,-19.54
2016 - Mar,13.86,-15.18
2016 - Mar,19.38,-18.68
2016 - Mar,16.71,-15.03
2016 - Mar,25.48,-21.30
2016 - Mar,31.91,-29.36
2016 - Mar,0.00,0.00
2016 - Mar,19.73,-26.38
2016 - Mar,28.98,-27.81
2016 - Mar,25.24,-27.41
2016 - Mar,24.84,-24.38
2016 - Apr,25.39,-25.32
2016 - Apr,33.49,-30.42
2016 - Apr,28.22,-26.98
2016 - Apr,37.28,-35.29
2016 - Apr,25.53,-23.40
2016 - Apr,22.41,-25.55
2016 - Apr,19.31,-23.27
2016 - Apr,18.80,-23.09
2016 - Apr,11.85,-19.09
2016 - Apr,8.56,-15.23
2016 - Apr,10.22,-12.27
2016 - Apr,0.35,-24.28
2016 - Apr,1.63,-25.48
2016 - Apr,0.23,-24.37
2016 - Apr,-4.21,-21.61
2016 - Apr,-5.86,-24.91
2016 - Apr,-19.01,-28.23
2016 - Apr,-15.36,-31.66
2016 - Apr,-6.15,-31.08
2016 - Apr,-4.26,-31.67
2016 - Apr,-9.88,-30.12
2016 - May,-20.84,-33.73
2016 - May,-22.13,-26.46
2016 - May,-25.32,-22.34
2016 - May,-38.07,-22.75
2016 - May,-23.01,-23.06
2016 - May,-13.95,-32.60
2016 - May,-16.59,-25.39
2016 - May,-16.51,-9.44
2016 - May,-10.18,-11.66
2016 - May,4.98,-11.31
2016 - May,18.40,-9.95
2016 - May,19.08,-13.89
2016 - May,32.92,-15.58
2016 - May,34.42,-15.67
2016 - May,54.32,-28.73
2016 - May,58.76,-28.84
2016 - May,58.03,-25.19
2016 - May,57.93,-12.12
2016 - May,58.10,-9.28
2016 - May,55.88,1.15
2016 - May,0.00,0.00
2016 - May,61.75,13.09
2016 - Jun,65.78,14.19
2016 - Jun,67.26,16.27
2016 - Jun,64.58,18.01
2016 - Jun,61.71,17.72
2016 - Jun,60.34,14.56
2016 - Jun,59.00,13.41
2016 - Jun,53.00,13.44
2016 - Jun,50.93,15.68
2016 - Jun,49.19,0.85
2016 - Jun,39.82,0.84
2016 - Jun,54.63,3.47
2016 - Jun,59.33,3.49
2016 - Jun,62.79,0.59
2016 - Jun,57.44,1.55
2016 - Jun,57.46,-0.17
2016 - Jun,58.27,-1.21
2016 - Jun,63.56,-2.31
2016 - Jun,53.24,-2.35
2016 - Jun,43.01,-4.02
2016 - Jun,41.97,-3.97
2016 - Jun,43.32,-4.05
2016 - Jun,47.30,-1.28
2016 - Jul,47.48,-3.70
2016 - Jul,0.00,0.00
2016 - Jul,50.80,-2.41
2016 - Jul,64.85,-8.68
2016 - Jul,62.88,-8.87
2016 - Jul,68.19,-13.93
2016 - Jul,73.34,-16.39
2016 - Jul,70.28,-8.06
2016 - Jul,67.53,-5.58
2016 - Jul,64.92,-11.82
2016 - Jul,65.04,-14.27
2016 - Jul,59.00,-14.28
2016 - Jul,63.74,-14.19
2016 - Jul,78.91,-9.36
2016 - Jul,71.00,-15.26
2016 - Jul,64.48,-7.74
2016 - Jul,45.02,-7.38
2016 - Jul,42.85,-9.87
2016 - Jul,47.89,-10.52
2016 - Jul,33.89,-10.69
2016 - Jul,22.82,-5.38
2016 - Aug,16.56,-5.39
2016 - Aug,19.11,-0.06
2016 - Aug,27.20,2.69
2016 - Aug,24.80,5.21
2016 - Aug,32.68,5.03
2016 - Aug,40.50,14.87
2016 - Aug,40.58,27.21
2016 - Aug,35.68,27.15
2016 - Aug,35.68,27.29
2016 - Aug,38.40,24.73
2016 - Aug,38.30,27.60
2016 - Aug,45.31,19.81
2016 - Aug,38.77,16.52
2016 - Aug,29.79,15.59
2016 - Aug,32.60,12.19
2016 - Aug,29.18,6.97
2016 - Aug,31.94,14.28
2016 - Aug,38.27,13.91
2016 - Aug,41.65,13.30
2016 - Aug,38.27,6.78
2016 - Aug,43.10,-2.09
2016 - Aug,42.79,-3.59
2016 - Aug,40.78,-6.19
2016 - Sep,32.14,-5.97
2016 - Sep,34.01,-3.48
2016 - Sep,0.00,0.00
2016 - Sep,42.23,-9.05
2016 - Sep,38.41,-14.90
2016 - Sep,37.03,-15.20
2016 - Sep,31.85,-26.46
2016 - Sep,28.39,-33.04
2016 - Sep,15.90,-37.88
2016 - Sep,30.90,-42.55
2016 - Sep,33.80,-45.36
2016 - Sep,33.90,-44.81
2016 - Sep,27.42,-44.49
2016 - Sep,31.32,-40.93
2016 - Sep,35.96,-36.56
2016 - Sep,43.64,-25.96
2016 - Sep,43.59,-26.13
2016 - Sep,40.79,-23.46
2016 - Sep,32.86,-26.14
2016 - Sep,33.12,-26.27
2016 - Sep,26.12,-21.75
2016 - Sep,29.69,-17.52
2016 - Oct,34.84,-10.40
2016 - Oct,30.52,-10.37
2016 - Oct,31.53,-14.82
2016 - Oct,36.25,-9.73
2016 - Oct,41.50,-9.68
2016 - Oct,38.97,-7.19
2016 - Oct,31.02,-7.08
2016 - Oct,30.94,-2.05
2016 - Oct,36.07,-1.77
2016 - Oct,26.35,0.14
2016 - Oct,37.11,0.01
2016 - Oct,42.30,-0.01
2016 - Oct,42.32,-0.12
2016 - Oct,37.60,2.44
2016 - Oct,32.67,-1.85
2016 - Oct,35.07,-1.86
2016 - Oct,34.94,-1.95
2016 - Oct,35.05,-4.34
2016 - Oct,27.61,-1.59
2016 - Oct,27.47,0.90
2016 - Nov,32.43,0.87
2016 - Nov,17.78,0.93
2016 - Nov,22.85,0.97
2016 - Nov,30.52,-1.51
2016 - Nov,38.37,-9.53
2016 - Nov,38.08,-9.27
2016 - Nov,42.15,-7.38
2016 - Nov,52.44,-8.56
2016 - Nov,62.97,-8.53
2016 - Nov,73.13,3.62
2016 - Nov,60.36,13.29
2016 - Nov,50.98,15.40
2016 - Nov,41.97,15.40
2016 - Nov,35.11,13.80
2016 - Nov,30.45,10.55
2016 - Nov,29.91,4.65
2016 - Nov,40.41,-4.86
2016 - Nov,44.79,-1.56
2016 - Nov,47.42,0.94
2016 - Nov,55.79,-2.72
2016 - Dec,37.98,-6.69
2016 - Dec,36.53,-0.12
2016 - Dec,34.17,4.98
2016 - Dec,42.66,8.93
2016 - Dec,52.34,9.15
2016 - Dec,60.29,3.44
2016 - Dec,57.46,8.36
2016 - Dec,64.68,7.77
2016 - Dec,65.81,7.70
2016 - Dec,59.33,8.66
2016 - Dec,61.65,6.82
2016 - Dec,63.24,4.47
2016 - Dec,60.85,2.97
2016 - Dec,66.49,12.89
2016 - Dec,66.86,12.96
2016 - Dec,63.50,14.99
2016 - Dec,62.96,21.65
2016 - Dec,60.29,19.17
2016 - Dec,55.21,14.34
2016 - Dec,53.72,14.34
2016 - Dec,51.26,14.35
2017 - Jan,43.09,13.04
2017 - Jan,43.54,13.11
2017 - Jan,43.52,13.18
2017 - Jan,17.59,-7.47
2017 - Jan,9.39,-15.61
2017 - Jan,9.59,-15.88
2017 - Jan,9.72,-15.50
2017 - Jan,4.83,-15.76
2017 - Jan,7.06,-18.41
2017 - Jan,14.82,-17.92
2017 - Jan,16.97,-18.18
2017 - Jan,14.13,-16.12
2017 - Jan,6.27,-20.94
2017 - Jan,-14.16,-23.94
2017 - Jan,-16.64,-22.38
2017 - Jan,-16.76,-17.55
2017 - Jan,-14.09,-17.32
2017 - Jan,-11.79,-17.29
2017 - Jan,-11.70,-15.09
2017 - Jan,-9.45,-12.80
2017 - Feb,-9.56,-12.86
2017 - Feb,-12.15,-6.10
2017 - Feb,1.11,-5.97
2017 - Feb,8.64,-9.89
2017 - Feb,18.84,-14.95
2017 - Feb,26.05,-9.84
2017 - Feb,31.31,-7.07
2017 - Feb,36.65,-4.46
2017 - Feb,34.31,-2.10
2017 - Feb,36.75,-4.58
2017 - Feb,37.00,3.02
2017 - Feb,42.22,-4.27
2017 - Feb,49.25,0.80
2017 - Feb,50.64,10.25
2017 - Feb,47.74,10.91
2017 - Feb,43.12,10.98
2017 - Feb,43.69,11.06
2017 - Feb,48.26,20.14
2017 - Feb,45.44,23.08
2017 - Mar,45.56,18.26
2017 - Mar,31.88,18.34
2017 - Mar,36.62,4.42
2017 - Mar,39.02,2.07
2017 - Mar,20.63,7.41
2017 - Mar,21.95,5.08
2017 - Mar,29.17,7.29
2017 - Mar,30.41,-1.25
2017 - Mar,45.03,-10.95
2017 - Mar,41.07,-10.84
2017 - Mar,43.07,-9.13
2017 - Mar,45.53,-11.81
2017 - Mar,43.91,-16.05
2017 - Mar,36.82,-8.50
2017 - Mar,25.29,-13.10
2017 - Mar,33.22,-12.89
2017 - Mar,27.27,-15.59
2017 - Mar,32.26,-18.00
2017 - Mar,32.94,-14.98
2017 - Mar,36.32,-14.96
2017 - Mar,40.01,-15.12
2017 - Mar,45.78,-14.98
2017 - Mar,42.94,-4.64
2017 - Apr,47.85,1.63
2017 - Apr,47.33,-1.17
2017 - Apr,48.11,-1.25
2017 - Apr,44.34,6.28
2017 - Apr,48.94,5.39
2017 - Apr,51.71,5.70
2017 - Apr,48.34,3.40
2017 - Apr,53.45,3.22
2017 - Apr,48.82,3.16
2017 - Apr,39.93,5.58
2017 - Apr,34.60,10.56
2017 - Apr,31.81,6.44
2017 - Apr,30.37,2.98
2017 - Apr,30.39,0.46
2017 - Apr,24.76,3.04
2017 - Apr,24.97,5.55
2017 - Apr,22.54,10.39
2017 - Apr,12.20,12.13
2017 - Apr,17.03,12.16
2017 - May,22.99,14.78
2017 - May,20.56,14.84
2017 - May,25.47,7.44
2017 - May,29.52,6.87
2017 - May,29.64,6.79
2017 - May,28.76,6.78
2017 - May,42.85,23.87
2017 - May,28.16,13.09
2017 - May,58.92,21.05
2017 - May,28.84,9.81
2017 - May,23.85,4.97
2017 - May,41.57,3.34
2017 - May,35.78,4.15
2017 - May,17.25,17.46
2017 - May,26.93,10.06
2017 - May,28.20,11.17
2017 - May,23.26,14.46
2017 - May,25.79,12.26
2017 - May,29.42,8.43
2017 - May,35.24,9.97
2017 - May,30.73,11.43
2017 - May,32.21,11.13
2017 - Jun,26.02,18.89
2017 - Jun,34.10,21.39
2017 - Jun,34.76,19.62
2017 - Jun,42.93,12.32
2017 - Jun,53.70,6.82
2017 - Jun,57.36,1.20
2017 - Jun,58.43,0.51
2017 - Jun,57.49,2.55
2017 - Jun,67.99,-2.61
2017 - Jun,70.15,-3.23
2017 - Jun,69.87,-5.71
2017 - Jun,69.59,-6.70
2017 - Jun,64.57,-5.04
2017 - Jun,60.61,2.56
2017 - Jun,51.39,4.17
2017 - Jun,47.48,2.61
2017 - Jun,47.85,2.54
2017 - Jun,43.43,6.29
2017 - Jun,48.40,12.97
2017 - Jun,62.33,11.79
2017 - Jun,60.31,16.79
2017 - Jun,56.74,17.19
2017 - Jul,56.12,21.83
2017 - Jul,53.51,22.08
2017 - Jul,52.42,17.82
2017 - Jul,49.60,17.82
2017 - Jul,35.84,11.00
2017 - Jul,39.05,11.14
2017 - Jul,39.04,11.26
2017 - Jul,45.89,11.21
2017 - Jul,58.51,13.44
2017 - Jul,50.62,10.95
2017 - Jul,45.76,13.54
2017 - Jul,53.41,13.59
2017 - Jul,56.14,13.58
2017 - Jul,47.94,9.94
2017 - Jul,45.31,10.07
2017 - Jul,40.51,10.13
2017 - Jul,50.35,15.18
2017 - Jul,50.99,15.31
2017 - Jul,50.99,12.81
2017 - Jul,47.01,14.90
2017 - Aug,49.58,15.00
2017 - Aug,49.39,18.92
2017 - Aug,49.71,11.51
2017 - Aug,52.10,6.63
2017 - Aug,36.59,16.59
2017 - Aug,43.97,16.81
2017 - Aug,44.02,16.85
2017 - Aug,53.99,16.69
2017 - Aug,47.88,16.56
2017 - Aug,37.74,21.72
2017 - Aug,46.35,14.94
2017 - Aug,45.76,19.95
2017 - Aug,54.42,11.18
2017 - Aug,64.30,6.74
2017 - Aug,64.83,2.58
2017 - Aug,66.07,1.70
2017 - Aug,58.22,6.99
2017 - Aug,66.74,3.20
2017 - Aug,60.80,9.94
2017 - Aug,60.23,8.16
2017 - Aug,65.64,10.77
2017 - Aug,58.91,14.41
2017 - Aug,61.19,15.08
2017 - Sep,65.50,18.28
2017 - Sep,64.73,20.89
2017 - Sep,64.61,21.93
2017 - Sep,60.19,18.01
2017 - Sep,58.88,15.65
2017 - Sep,67.73,10.83
2017 - Sep,73.53,4.27
2017 - Sep,73.93,5.51
2017 - Sep,69.35,13.39
2017 - Sep,66.06,13.19
2017 - Sep,59.22,16.50
2017 - Sep,59.22,16.50
2017 - Sep,63.86,18.95
2017 - Sep,63.95,15.83
2017 - Sep,62.65,8.98
2017 - Sep,49.73,1.19
2017 - Sep,47.50,-3.90
2017 - Sep,47.95,-3.98
2017 - Sep,47.86,-4.87
2017 - Sep,47.60,-3.69
2017 - Oct,38.42,-1.76
2017 - Oct,38.66,-4.15
2017 - Oct,38.50,-4.26
2017 - Oct,36.09,-6.67
2017 - Oct,29.63,-4.15
2017 - Oct,16.16,-7.37
2017 - Oct,16.30,-7.37
2017 - Oct,21.60,-10.21
2017 - Oct,17.78,-10.32
2017 - Oct,15.61,-2.45
2017 - Oct,5.51,-7.55
2017 - Oct,10.63,-7.59
2017 - Oct,7.90,-12.55
2017 - Oct,7.78,-12.42
2017 - Oct,7.68,-12.44
2017 - Oct,5.00,-12.45
2017 - Oct,10.01,-12.46
2017 - Oct,5.32,-14.95
2017 - Oct,8.05,-12.47
2017 - Oct,8.82,-14.80
2017 - Oct,11.28,-14.86
2017 - Oct,13.92,-20.02
2017 - Nov,15.98,-20.07
2017 - Nov,30.93,-20.28
2017 - Nov,28.02,-17.90
2017 - Nov,34.99,-17.69
2017 - Nov,42.36,-20.15
2017 - Nov,39.38,-15.25
2017 - Nov,39.34,-13.23
2017 - Nov,48.83,-2.75
2017 - Nov,63.71,-2.62
2017 - Nov,72.80,-1.10
2017 - Nov,71.12,-3.08
2017 - Nov,72.86,6.86
2017 - Nov,72.41,2.32
2017 - Nov,72.17,-2.13
2017 - Nov,56.46,5.09
2017 - Nov,57.98,2.64
2017 - Nov,53.11,-2.49
2017 - Nov,53.26,-0.23
2017 - Nov,60.17,-0.19
2017 - Nov,62.62,-1.64
2017 - Nov,62.56,-0.03
2017 - Dec,58.09,1.73
2017 - Dec,49.51,9.49
2017 - Dec,45.72,9.49
2017 - Dec,52.04,0.56
2017 - Dec,51.41,-4.06
2017 - Dec,53.01,-8.16
2017 - Dec,51.96,-9.52
2017 - Dec,49.61,-9.21
2017 - Dec,51.37,-10.65
2017 - Dec,45.67,-10.78
2017 - Dec,44.53,-8.57
2017 - Dec,42.59,-7.70
2017 - Dec,47.29,-9.59
2017 - Dec,49.81,-9.49
2017 - Dec,44.15,-6.25
2017 - Dec,41.72,-9.28
2017 - Dec,47.11,-4.58
2017 - Dec,54.68,-7.08
2017 - Dec,54.74,-4.71
2017 - Dec,51.06,-2.25
2018 - Jan,54.47,1.04
2018 - Jan,56.91,4.02
2018 - Jan,53.19,9.08
2018 - Jan,55.57,6.56
2018 - Jan,48.22,6.96
2018 - Jan,39.78,1.86
2018 - Jan,35.70,2.10
2018 - Jan,40.27,7.22
2018 - Jan,43.62,2.20
2018 - Jan,41.98,-1.16
2018 - Jan,42.01,4.03
2018 - Jan,41.55,4.38
2018 - Jan,38.62,1.06
2018 - Jan,38.19,-3.65
2018 - Jan,35.78,-3.65
2018 - Jan,33.24,-3.39
2018 - Jan,32.78,-10.82
2018 - Jan,20.73,-27.80
2018 - Jan,7.93,-22.07
2018 - Jan,3.87,-22.03
2018 - Feb,8.62,-21.78
2018 - Feb,-10.06,-34.81
2018 - Feb,-3.65,-44.32
2018 - Feb,1.73,-26.47
2018 - Feb,2.05,-26.18
2018 - Feb,11.56,-25.39
2018 - Feb,22.01,-20.95
2018 - Feb,22.21,-21.34
2018 - Feb,38.75,-12.74
2018 - Feb,57.80,-10.53
2018 - Feb,53.29,-5.78
2018 - Feb,76.20,-4.83
2018 - Feb,75.51,-4.67
2018 - Feb,82.73,17.07
2018 - Feb,55.18,-1.03
2018 - Feb,61.86,-3.63
2018 - Feb,67.90,6.22
2018 - Feb,65.11,4.34
2018 - Feb,62.15,0.35
2018 - Mar,66.41,1.61
2018 - Mar,65.77,-2.29
2018 - Mar,59.64,-5.41
2018 - Mar,54.78,-7.90
2018 - Mar,62.47,-7.90
2018 - Mar,59.35,-2.74
2018 - Mar,56.26,-8.08
2018 - Mar,60.38,-9.98
2018 - Mar,57.99,-8.04
2018 - Mar,42.50,-3.71
2018 - Mar,41.20,-2.88
2018 - Mar,43.22,-2.88
2018 - Mar,38.94,-2.62
2018 - Mar,32.98,-9.18
2018 - Mar,24.86,-7.73
2018 - Mar,36.94,-12.66
2018 - Mar,39.43,-17.54
2018 - Mar,29.62,-8.92
2018 - Mar,24.35,-12.33
2018 - Mar,29.07,-6.87
2018 - Mar,28.03,-9.97
2018 - Apr,34.90,-8.89
2018 - Apr,36.24,-5.89
2018 - Apr,35.07,2.32
2018 - Apr,37.43,4.85
2018 - Apr,26.02,3.91
2018 - Apr,29.06,6.42
2018 - Apr,33.75,7.40
2018 - Apr,27.52,4.41
2018 - Apr,30.39,5.99
2018 - Apr,33.66,6.92
2018 - Apr,39.18,11.97
2018 - Apr,58.44,14.31
2018 - Apr,63.74,16.61
2018 - Apr,61.23,11.35
2018 - Apr,57.48,11.31
2018 - Apr,37.75,7.49
2018 - Apr,42.66,7.35
2018 - Apr,44.53,7.98
2018 - Apr,47.10,7.54
2018 - Apr,41.84,7.99
2018 - Apr,30.09,3.30
2018 - May,25.17,7.52
2018 - May,16.10,6.79
2018 - May,15.80,2.75
2018 - May,16.44,2.99
2018 - May,42.29,-14.00
2018 - May,44.93,-15.60
2018 - May,49.18,-15.99
2018 - May,52.57,-10.95
2018 - May,62.19,-7.63
2018 - May,56.96,-13.83
2018 - May,54.16,-11.83
2018 - May,53.05,-8.12
2018 - May,50.07,-17.52
2018 - May,50.32,-20.38
2018 - May,57.04,-24.41
2018 - May,54.86,-30.01
2018 - May,51.53,-26.52
2018 - May,48.34,-28.22
2018 - May,0.00,0.00
2018 - May,51.22,-35.42
2018 - May,59.56,-33.04
2018 - May,60.87,-26.35
2018 - Jun,64.64,-33.15
2018 - Jun,56.19,-37.40
2018 - Jun,57.14,-34.70
2018 - Jun,51.00,-35.75
2018 - Jun,47.11,-36.69
2018 - Jun,47.42,-33.23
2018 - Jun,45.53,-28.30
2018 - Jun,53.02,-28.75
2018 - Jun,43.62,-28.37
2018 - Jun,50.46,-19.88
2018 - Jun,49.88,-16.58
2018 - Jun,50.19,-9.14
2018 - Jun,44.64,-1.89
2018 - Jun,45.09,-9.15
2018 - Jun,43.07,-14.07
2018 - Jun,34.59,-5.44
2018 - Jun,28.47,-13.89
2018 - Jun,43.19,-24.19
2018 - Jun,22.98,-21.78
2018 - Jun,16.12,-21.74
2018 - Jun,1.10,-21.96
2018 - Jul,-14.36,-22.07
2018 - Jul,-14.16,-22.00
2018 - Jul,-14.19,-22.50
2018 - Jul,-13.04,-22.84
2018 - Jul,-16.35,-15.06
2018 - Jul,-17.43,-13.21
2018 - Jul,-11.65,-10.28
2018 - Jul,-4.13,-15.43
2018 - Jul,-4.57,-13.51
2018 - Jul,-8.36,-13.27
2018 - Jul,-10.34,-10.74
2018 - Jul,-10.58,-13.08
2018 - Jul,-8.52,-20.72
2018 - Jul,-8.80,-21.33
2018 - Jul,-2.42,-26.59
2018 - Jul,-5.14,-26.66
2018 - Jul,-5.51,-29.42
2018 - Jul,-5.88,-27.35
2018 - Jul,-8.85,-22.02
2018 - Jul,-6.60,-24.20
2018 - Jul,-6.36,-14.37
2018 - Aug,-6.46,-14.24
2018 - Aug,-2.55,-3.91
2018 - Aug,2.60,-1.53
2018 - Aug,5.12,2.18
2018 - Aug,10.52,-2.84
2018 - Aug,2.97,-0.02
2018 - Aug,-6.83,-0.40
2018 - Aug,23.11,1.98
2018 - Aug,20.46,4.17
2018 - Aug,31.30,4.05
2018 - Aug,37.06,5.12
2018 - Aug,35.78,10.86
2018 - Aug,30.11,10.18
2018 - Aug,41.30,5.33
2018 - Aug,42.11,2.17
2018 - Aug,41.82,-1.65
2018 - Aug,37.50,-4.06
2018 - Aug,45.10,-6.65
2018 - Aug,47.01,-11.67
2018 - Aug,53.11,-9.15
2018 - Aug,56.82,-17.64
2018 - Aug,54.06,-19.47
2018 - Aug,57.93,-23.79
2018 - Sep,58.18,-25.17
2018 - Sep,63.65,-29.06
2018 - Sep,53.08,-21.49
2018 - Sep,48.37,-19.14
2018 - Sep,60.00,-15.56
2018 - Sep,62.99,-16.22
2018 - Sep,63.52,-16.36
2018 - Sep,56.18,-14.03
2018 - Sep,57.75,-16.57
2018 - Sep,46.15,-19.69
2018 - Sep,56.18,-22.19
2018 - Sep,61.38,-22.24
2018 - Sep,57.73,-24.54
2018 - Sep,65.34,-28.06
2018 - Sep,49.78,-17.42
2018 - Sep,54.60,-17.60
2018 - Sep,55.17,-20.16
2018 - Sep,33.02,-27.15
2018 - Sep,30.00,-24.52
2018 - Oct,39.55,-21.69
2018 - Oct,40.76,-21.76
2018 - Oct,38.86,-21.65
2018 - Oct,13.88,-19.88
2018 - Oct,13.72,-19.99
2018 - Oct,14.95,-19.88
2018 - Oct,16.91,-19.60
2018 - Oct,16.41,-19.27
2018 - Oct,0.00,0.00
2018 - Oct,20.55,-16.47
2018 - Oct,24.41,-9.31
2018 - Oct,24.99,-13.88
2018 - Oct,19.77,-13.87
2018 - Oct,7.67,-9.46
2018 - Oct,2.58,5.04
2018 - Oct,14.96,5.15
2018 - Oct,12.83,5.01
2018 - Oct,13.73,0.42
2018 - Oct,15.95,4.81
2018 - Oct,26.07,11.73
2018 - Oct,28.95,26.34
2018 - Oct,31.21,31.13
2018 - Oct,32.55,33.63
2018 - Nov,31.23,36.24
2018 - Nov,26.01,34.07
2018 - Nov,44.89,28.30
2018 - Nov,38.50,20.56
2018 - Nov,36.97,14.79
2018 - Nov,37.28,14.70
2018 - Nov,40.04,15.75
2018 - Nov,25.89,7.49
2018 - Nov,16.92,7.72
2018 - Nov,21.34,5.02
2018 - Nov,16.05,1.94
2018 - Nov,-2.91,9.23
2018 - Nov,-7.46,10.26
2018 - Nov,7.63,-0.36
2018 - Nov,10.32,-6.81
2018 - Nov,12.08,-9.27
2018 - Nov,9.05,-8.42
2018 - Nov,9.54,-8.88
2018 - Nov,23.70,-7.66
2018 - Nov,23.42,-8.37
2018 - Nov,16.28,-8.63
2018 - Dec,19.17,-11.54
2018 - Dec,12.97,-15.15
2018 - Dec,25.17,-22.35
2018 - Dec,29.10,-19.46
2018 - Dec,16.34,-17.88
2018 - Dec,20.70,-16.01
2018 - Dec,26.14,-17.49
2018 - Dec,34.31,-21.79
2018 - Dec,36.07,-25.70
2018 - Dec,33.52,-22.61
2018 - Dec,34.78,-23.16
2018 - Dec,28.17,-15.83
2018 - Dec,29.25,-16.27
2018 - Dec,29.82,-14.12
2018 - Dec,22.55,-12.72
2018 - Dec,19.09,-8.32
2018 - Dec,17.56,-8.78
2018 - Dec,24.92,-8.88
2018 - Dec,26.06,-8.24
2019 - Jan,27.43,-1.51
2019 - Jan,38.01,-4.58
2019 - Jan,45.25,-4.54
2019 - Jan,39.00,-8.31
2019 - Jan,35.21,-5.26
2019 - Jan,36.12,-6.39
2019 - Jan,28.55,-5.49
2019 - Jan,32.78,-11.88
2019 - Jan,25.79,-13.78
2019 - Jan,32.69,-10.64
2019 - Jan,23.10,-14.73
2019 - Jan,19.22,-14.26
2019 - Jan,17.72,-19.94
2019 - Jan,9.28,-20.48
2019 - Jan,9.62,-19.75
2019 - Jan,19.77,-13.41
2019 - Jan,12.42,-16.90
2019 - Jan,5.88,-20.06
2019 - Jan,-7.96,-22.55
2019 - Jan,-2.41,-27.15
2019 - Jan,-5.26,-26.71
2019 - Feb,-5.52,-28.72
2019 - Feb,-16.57,-28.83
2019 - Feb,-33.93,-40.25
2019 - Feb,-22.35,-27.71
2019 - Feb,-26.44,-24.58
2019 - Feb,-15.56,-25.37
2019 - Feb,-14.51,-20.88
2019 - Feb,-3.53,-29.60
2019 - Feb,6.18,-24.18
2019 - Feb,12.34,-29.21
2019 - Feb,10.43,-32.57
2019 - Feb,18.81,-32.89
2019 - Feb,14.87,-33.21
2019 - Feb,16.32,-32.85
2019 - Feb,14.76,-30.99
2019 - Feb,18.96,-24.41
2019 - Feb,18.26,-18.51
2019 - Feb,16.78,-14.34
2019 - Feb,19.13,-18.24
2019 - Mar,18.62,-18.50
2019 - Mar,13.91,-13.88
2019 - Mar,17.25,-16.56
2019 - Mar,18.13,-21.24
2019 - Mar,17.71,-16.65
2019 - Mar,-1.02,-11.68
2019 - Mar,8.75,-9.07
2019 - Mar,-7.35,-0.07
2019 - Mar,-3.83,2.49
2019 - Mar,-2.59,2.23
2019 - Mar,-7.50,7.30
2019 - Mar,-0.58,-0.50
2019 - Mar,8.73,-9.92
2019 - Mar,7.10,-6.95
2019 - Mar,2.54,-7.77
2019 - Mar,5.15,-6.69
2019 - Mar,17.39,-11.99
2019 - Mar,11.98,-9.59
2019 - Mar,11.68,-3.21
2019 - Mar,20.17,-4.65
2019 - Mar,30.18,-4.79
2019 - Apr,32.84,1.85
2019 - Apr,37.95,4.24
2019 - Apr,43.92,1.22
2019 - Apr,44.68,0.83
2019 - Apr,47.51,0.96
2019 - Apr,51.55,0.49
2019 - Apr,51.26,0.62
2019 - Apr,58.00,0.59
2019 - Apr,53.09,4.47
2019 - Apr,0.00,0.00
2019 - Apr,65.49,0.69
2019 - Apr,67.51,2.89
2019 - Apr,64.40,2.88
2019 - Apr,69.95,3.47
2019 - Apr,61.25,4.68
2019 - Apr,61.62,9.66
2019 - Apr,61.61,9.56
2019 - Apr,55.70,3.79
2019 - Apr,54.79,3.58
2019 - Apr,43.55,2.61
2019 - Apr,48.46,2.60
2019 - May,54.45,0.13
2019 - May,47.01,0.12
2019 - May,46.27,0.08
2019 - May,35.33,5.00
2019 - May,39.44,9.94
2019 - May,26.32,15.07
2019 - May,19.64,22.67
2019 - May,19.82,22.37
2019 - May,3.90,17.16
2019 - May,14.16,14.80
2019 - May,39.40,12.36
2019 - May,60.33,13.51
2019 - May,55.78,15.34
2019 - May,54.36,17.39
2019 - May,52.61,13.41
2019 - May,51.14,10.58
2019 - May,46.58,4.90
2019 - May,42.89,2.83
2019 - May,42.85,10.15
2019 - May,38.92,13.78
2019 - May,34.51,6.29
2019 - May,27.43,9.26
2019 - Jun,37.89,19.20
2019 - Jun,44.47,12.96
2019 - Jun,42.81,11.40
2019 - Jun,34.13,9.99
2019 - Jun,37.41,10.52
2019 - Jun,39.41,17.01
2019 - Jun,37.89,11.75
2019 - Jun,38.01,15.30
2019 - Jun,37.35,13.16
2019 - Jun,37.11,13.11
2019 - Jun,36.99,22.22
2019 - Jun,40.59,20.16
2019 - Jun,39.58,16.15
2019 - Jun,39.87,15.86
2019 - Jun,41.42,18.72
2019 - Jun,45.95,21.42
2019 - Jun,48.82,11.50
2019 - Jun,51.27,11.31
2019 - Jun,49.52,8.69
2019 - Jun,56.10,7.07
2019 - Jul,49.90,7.39
2019 - Jul,54.77,5.09
2019 - Jul,60.12,7.09
2019 - Jul,58.29,3.66
2019 - Jul,49.25,12.88
2019 - Jul,49.54,12.73
2019 - Jul,49.80,12.53
2019 - Jul,46.45,12.91
2019 - Jul,44.23,10.48
2019 - Jul,49.91,11.57
2019 - Jul,55.17,6.54
2019 - Jul,45.08,6.31
2019 - Jul,44.27,3.79
2019 - Jul,37.13,-6.10
2019 - Jul,27.53,-8.64
2019 - Jul,29.97,-8.83
2019 - Jul,30.09,-6.23
2019 - Jul,27.42,-16.86
2019 - Jul,11.45,-19.18
2019 - Jul,16.32,-21.64
2019 - Jul,5.91,-19.28
2019 - Jul,10.19,-23.92
2019 - Aug,0.42,-24.00
2019 - Aug,-6.67,-10.95
2019 - Aug,-10.99,-5.31
2019 - Aug,-13.13,4.34
2019 - Aug,-0.39,9.34
2019 - Aug,1.52,9.09
2019 - Aug,22.55,13.04
2019 - Aug,4.35,2.46
2019 - Aug,28.62,4.06
2019 - Aug,26.04,-2.45
2019 - Aug,23.69,-1.11
2019 - Aug,35.18,-13.10
2019 - Aug,26.37,-17.18
2019 - Aug,20.81,-15.92
2019 - Aug,18.37,-13.81
2019 - Aug,22.85,-14.31
2019 - Aug,28.36,-13.78
2019 - Aug,17.05,-17.50
2019 - Aug,16.89,-13.90
2019 - Aug,15.39,-8.23
2019 - Aug,10.60,-5.33
2019 - Sep,9.34,-4.98
2019 - Sep,11.68,-8.52
2019 - Sep,24.20,0.55
2019 - Sep,19.83,1.47
2019 - Sep,37.51,7.97
2019 - Sep,27.20,1.84
2019 - Sep,44.65,0.94
2019 - Sep,48.31,-0.28
2019 - Sep,37.14,-0.70
2019 - Sep,29.73,0.52
2019 - Sep,22.18,-4.43
2019 - Sep,31.07,-6.82
2019 - Sep,9.44,-6.31
2019 - Sep,4.81,-8.13
2019 - Sep,-5.86,-4.61
2019 - Sep,-12.12,-4.41
2019 - Sep,-6.89,-8.20
2019 - Sep,-8.70,-7.25
2019 - Sep,-17.73,-8.52
2019 - Sep,-21.54,-12.81
2019 - Oct,-19.25,-8.43
2019 - Oct,-16.09,-14.92
2019 - Oct,-22.57,-14.58
2019 - Oct,-36.56,-9.36
2019 - Oct,-31.37,-8.94
2019 - Oct,-22.14,-12.95
2019 - Oct,-12.55,-13.30
2019 - Oct,-11.89,-11.13
2019 - Oct,-4.00,-10.06
2019 - Oct,-6.36,-10.07
