Date,Transactions,Filings
2016 - Jan,27710,11743
2016 - Jan,7168,2674
2016 - Jan,6580,2194
2016 - Jan,5056,1724
2016 - Jan,7699,2571
2016 - Jan,5162,1975
2016 - Jan,5584,1720
2016 - Jan,5978,2050
2016 - Jan,6904,2268
2016 - Jan,13878,5010
2016 - Jan,1608,802
2016 - Jan,10730,2970
2016 - Jan,6282,2398
2016 - Jan,6434,2188
2016 - Jan,9816,2598
2016 - Jan,8162,2376
2016 - Jan,10187,3395
2016 - Jan,9270,3022
2016 - Jan,11716,3518
2016 - Jan,15118,5314
2016 - Feb,18812,6756
2016 - Feb,8678,3124
2016 - Feb,10238,3728
2016 - Feb,11600,3592
2016 - Feb,12201,3827
2016 - Feb,10836,3462
2016 - Feb,9495,3079
2016 - Feb,11087,4208
2016 - Feb,13531,3904
2016 - Feb,14168,4473
2016 - Feb,7280,2736
2016 - Feb,17724,5750
2016 - Feb,14715,4857
2016 - Feb,15490,5308
2016 - Feb,18128,5046
2016 - Feb,15341,5035
2016 - Feb,13830,4560
2016 - Feb,16031,4990
2016 - Feb,12486,4158
2016 - Feb,13730,4347
2016 - Feb,17262,5774
2016 - Mar,29506,10144
2016 - Mar,12342,4083
2016 - Mar,14362,4802
2016 - Mar,15682,4799
2016 - Mar,12679,4352
2016 - Mar,8468,3261
2016 - Mar,9676,2862
2016 - Mar,15766,4222
2016 - Mar,10362,3520
2016 - Mar,9750,3426
2016 - Mar,16984,5690
2016 - Mar,9350,2998
2016 - Mar,7142,2632
2016 - Mar,8426,2698
2016 - Mar,6398,2162
2016 - Mar,5418,2128
2016 - Mar,7498,2396
2016 - Mar,5192,2324
2016 - Mar,2260,924
2016 - Mar,7819,2587
2016 - Mar,7090,2240
2016 - Mar,6672,2312
2016 - Mar,20650,8987
2016 - Apr,29508,11052
2016 - Apr,7528,2347
2016 - Apr,4424,1730
2016 - Apr,5570,1864
2016 - Apr,3572,1384
2016 - Apr,3998,1418
2016 - Apr,4422,1684
2016 - Apr,5384,1556
2016 - Apr,3784,1453
2016 - Apr,3726,1392
2016 - Apr,10156,3952
2016 - Apr,3774,1250
2016 - Apr,4778,1652
2016 - Apr,5786,2024
2016 - Apr,5054,1956
2016 - Apr,6202,2060
2016 - Apr,6995,2418
2016 - Apr,6280,2784
2016 - Apr,6694,2547
2016 - Apr,7557,2867
2016 - Apr,10228,3876
2016 - May,16107,5956
2016 - May,8527,3239
2016 - May,9899,3582
2016 - May,8989,4124
2016 - May,10103,3783
2016 - May,7838,3018
2016 - May,11254,4302
2016 - May,11750,4563
2016 - May,11540,4429
2016 - May,13897,4756
2016 - May,14234,4242
2016 - May,9684,3814
2016 - May,10804,4544
2016 - May,11719,5134
2016 - May,9790,3424
2016 - May,9304,2854
2016 - May,10048,3900
2016 - May,12200,4614
2016 - May,9960,4214
2016 - May,9436,3164
2016 - May,428,216
2016 - May,11334,4114
2016 - Jun,21845,8262
2016 - Jun,8572,3347
2016 - Jun,9430,3242
2016 - Jun,8910,2898
2016 - Jun,8674,2772
2016 - Jun,8480,3410
2016 - Jun,8798,3106
2016 - Jun,8906,3660
2016 - Jun,6392,2128
2016 - Jun,7702,2618
2016 - Jun,12038,5116
2016 - Jun,6290,2462
2016 - Jun,5676,2084
2016 - Jun,4922,1842
2016 - Jun,7134,2342
2016 - Jun,4928,2294
2016 - Jun,5622,2310
2016 - Jun,6494,2314
2016 - Jun,6380,1802
2016 - Jun,3892,1630
2016 - Jun,4806,1634
2016 - Jun,22836,9589
2016 - Jul,28228,10918
2016 - Jul,60,40
2016 - Jul,5848,2144
2016 - Jul,7654,1838
2016 - Jul,4056,1410
2016 - Jul,4934,1650
2016 - Jul,4544,1542
2016 - Jul,4584,1764
2016 - Jul,4216,1412
2016 - Jul,4174,1338
2016 - Jul,9922,3544
2016 - Jul,3968,1424
2016 - Jul,4474,1534
2016 - Jul,4066,1818
2016 - Jul,7479,1795
2016 - Jul,4274,1480
2016 - Jul,7684,2102
2016 - Jul,6510,1978
2016 - Jul,7618,2354
2016 - Jul,6716,2176
2016 - Jul,9888,3845
2016 - Aug,16268,5458
2016 - Aug,6118,2078
2016 - Aug,6120,2278
2016 - Aug,7642,2575
2016 - Aug,10350,2493
2016 - Aug,8420,2461
2016 - Aug,8530,2728
2016 - Aug,8732,2954
2016 - Aug,8784,2515
2016 - Aug,8832,2920
2016 - Aug,13896,4612
2016 - Aug,9636,2539
2016 - Aug,6790,2098
2016 - Aug,6370,2254
2016 - Aug,6702,2140
2016 - Aug,8692,2708
2016 - Aug,6812,1872
2016 - Aug,5848,1984
2016 - Aug,7378,2098
2016 - Aug,5790,1948
2016 - Aug,6422,2106
2016 - Aug,5426,1400
2016 - Aug,8860,3534
2016 - Sep,14742,5386
2016 - Sep,7790,2248
2016 - Sep,336,172
2016 - Sep,9924,2464
2016 - Sep,7395,2389
2016 - Sep,6218,2244
2016 - Sep,8026,2738
2016 - Sep,7010,2296
2016 - Sep,4155,1749
2016 - Sep,5724,2082
2016 - Sep,11208,4030
2016 - Sep,6319,2245
2016 - Sep,7040,1660
2016 - Sep,6902,1916
2016 - Sep,5822,1871
2016 - Sep,7464,1946
2016 - Sep,7136,1516
2016 - Sep,7476,1752
2016 - Sep,4812,1296
2016 - Sep,6678,1718
2016 - Sep,5848,1474
2016 - Sep,22124,9036
2016 - Oct,16320,6084
2016 - Oct,7742,1590
2016 - Oct,8104,2186
2016 - Oct,4952,1472
2016 - Oct,4605,1623
2016 - Oct,3146,1050
2016 - Oct,4232,1432
2016 - Oct,3606,1134
2016 - Oct,2754,908
2016 - Oct,4696,2120
2016 - Oct,4238,1770
2016 - Oct,3610,1094
2016 - Oct,5284,1599
2016 - Oct,3244,1365
2016 - Oct,4452,1478
2016 - Oct,5264,1654
2016 - Oct,4886,1686
2016 - Oct,3926,1792
2016 - Oct,6002,1666
2016 - Oct,5582,2153
2016 - Oct,9516,3372
2016 - Nov,13185,4319
2016 - Nov,6912,2073
2016 - Nov,7144,2345
2016 - Nov,6944,2428
2016 - Nov,9138,2975
2016 - Nov,6324,2187
2016 - Nov,9243,2802
2016 - Nov,12382,3321
2016 - Nov,8246,2541
2016 - Nov,14014,3879
2016 - Nov,16668,5123
2016 - Nov,9820,3182
2016 - Nov,8712,2884
2016 - Nov,10928,3004
2016 - Nov,12778,3737
2016 - Nov,8981,2637
2016 - Nov,9627,2478
2016 - Nov,200,64
2016 - Nov,3052,864
2016 - Nov,10720,2370
2016 - Nov,7752,2454
2016 - Nov,11487,4276
2016 - Dec,16864,5840
2016 - Dec,9798,2719
2016 - Dec,8490,2836
2016 - Dec,7444,2768
2016 - Dec,9244,2836
2016 - Dec,9694,3092
2016 - Dec,10271,3583
2016 - Dec,8852,2983
2016 - Dec,11937,3332
2016 - Dec,9159,2998
2016 - Dec,14706,5278
2016 - Dec,9118,2790
2016 - Dec,6699,2267
2016 - Dec,5420,2046
2016 - Dec,4940,1890
2016 - Dec,4442,1502
2016 - Dec,4685,1558
2016 - Dec,314,106
2016 - Dec,4598,1448
2016 - Dec,4012,1272
2016 - Dec,5178,1922
2016 - Dec,14236,5471
2017 - Jan,2762,1130
2017 - Jan,28199,11304
2017 - Jan,10980,3298
2017 - Jan,4480,1580
2017 - Jan,4596,1451
2017 - Jan,2790,1035
2017 - Jan,6647,1758
2017 - Jan,4633,1349
2017 - Jan,3313,1300
2017 - Jan,7166,2988
2017 - Jan,1098,516
2017 - Jan,8270,2905
2017 - Jan,5389,2024
2017 - Jan,6787,1856
2017 - Jan,6212,2163
2017 - Jan,4151,1258
2017 - Jan,4068,1335
2017 - Jan,4408,1480
2017 - Jan,5987,1927
2017 - Jan,5529,1658
2017 - Jan,5684,1795
2017 - Jan,6282,2195
2017 - Feb,9778,3154
2017 - Feb,4817,1544
2017 - Feb,5935,1791
2017 - Feb,6320,1868
2017 - Feb,6027,1913
2017 - Feb,6064,2040
2017 - Feb,7325,2020
2017 - Feb,9479,2834
2017 - Feb,7234,2449
2017 - Feb,7853,2640
2017 - Feb,12561,3645
2017 - Feb,6767,2609
2017 - Feb,9700,2729
2017 - Feb,2582,690
2017 - Feb,10738,3321
2017 - Feb,8917,3106
2017 - Feb,10153,3210
2017 - Feb,9865,3092
2017 - Feb,10584,3316
2017 - Feb,13817,4748
2017 - Mar,23173,6556
2017 - Mar,10164,3101
2017 - Mar,15123,4894
2017 - Mar,13208,4201
2017 - Mar,12710,3804
2017 - Mar,11536,4012
2017 - Mar,10378,3154
2017 - Mar,19140,5114
2017 - Mar,8918,3156
2017 - Mar,11830,3334
2017 - Mar,25536,7462
2017 - Mar,11094,3288
2017 - Mar,9572,2810
2017 - Mar,10006,2886
2017 - Mar,7070,2312
2017 - Mar,8158,2500
2017 - Mar,7170,2526
2017 - Mar,8466,2270
2017 - Mar,5766,2028
2017 - Mar,9204,3020
2017 - Mar,5780,1381
2017 - Mar,3905,1497
2017 - Mar,22238,9980
2017 - Apr,17639,7183
2017 - Apr,5680,1872
2017 - Apr,5558,1766
2017 - Apr,5250,1812
2017 - Apr,5708,1950
2017 - Apr,5848,1776
2017 - Apr,3424,1350
2017 - Apr,6314,1548
2017 - Apr,4588,1720
2017 - Apr,1312,612
2017 - Apr,6790,2824
2017 - Apr,4536,1636
2017 - Apr,7620,2054
2017 - Apr,4414,1884
2017 - Apr,5803,1621
2017 - Apr,6328,1990
2017 - Apr,6896,2610
2017 - Apr,8304,2758
2017 - Apr,10293,2957
2017 - Apr,13406,4948
2017 - May,21452,6938
2017 - May,9852,3506
2017 - May,11302,3764
2017 - May,10040,4142
2017 - May,11168,3602
2017 - May,11238,3905
2017 - May,12490,4426
2017 - May,13086,4750
2017 - May,11238,4253
2017 - May,12178,4360
2017 - May,17529,5931
2017 - May,12164,4232
2017 - May,11994,4953
2017 - May,11504,5062
2017 - May,9294,3480
2017 - May,9130,2868
2017 - May,11776,3722
2017 - May,10584,4734
2017 - May,11002,4474
2017 - May,6910,2642
2017 - May,872,148
2017 - May,8328,3108
2017 - May,12358,5082
2017 - Jun,21792,8890
2017 - Jun,7980,2928
2017 - Jun,8126,2534
2017 - Jun,8682,2984
2017 - Jun,8026,2954
2017 - Jun,8152,3048
2017 - Jun,11286,3756
2017 - Jun,9420,3046
2017 - Jun,7834,2864
2017 - Jun,8535,3235
2017 - Jun,14750,5018
2017 - Jun,6425,2249
2017 - Jun,5284,1852
2017 - Jun,5550,2432
2017 - Jun,5696,2348
2017 - Jun,5192,2326
2017 - Jun,5736,1904
2017 - Jun,4576,1594
2017 - Jun,5092,1978
2017 - Jun,3748,1661
2017 - Jun,4344,1297
2017 - Jun,20814,9155
2017 - Jul,14395,5661
2017 - Jul,140,72
2017 - Jul,5822,2082
2017 - Jul,6186,1552
2017 - Jul,5446,1568
2017 - Jul,4366,1570
2017 - Jul,3260,996
2017 - Jul,4334,1512
2017 - Jul,3940,1358
2017 - Jul,5524,2238
2017 - Jul,5898,2270
2017 - Jul,3186,1236
2017 - Jul,4448,1516
2017 - Jul,4216,1762
2017 - Jul,3786,1156
2017 - Jul,6432,1945
2017 - Jul,6212,2186
2017 - Jul,4456,1730
2017 - Jul,6008,2096
2017 - Jul,5468,2082
2017 - Jul,9874,3512
2017 - Aug,14780,5516
2017 - Aug,7960,3488
2017 - Aug,6938,2218
2017 - Aug,6204,2086
2017 - Aug,8628,2706
2017 - Aug,7050,2402
2017 - Aug,5942,2012
2017 - Aug,10122,3156
2017 - Aug,7104,2388
2017 - Aug,9404,2912
2017 - Aug,14316,4304
2017 - Aug,6040,2168
2017 - Aug,7038,2356
2017 - Aug,5316,2002
2017 - Aug,8069,2349
2017 - Aug,5656,1962
2017 - Aug,5760,1858
2017 - Aug,4393,1559
2017 - Aug,7216,1942
2017 - Aug,5450,1684
2017 - Aug,3701,1234
2017 - Aug,3705,1172
2017 - Aug,11128,3728
2017 - Sep,12892,4624
2017 - Sep,200,80
2017 - Sep,7864,2418
2017 - Sep,6670,1806
2017 - Sep,5576,1952
2017 - Sep,7984,2802
2017 - Sep,7100,2214
2017 - Sep,7326,2186
2017 - Sep,4564,1639
2017 - Sep,5046,1872
2017 - Sep,11692,3752
2017 - Sep,4938,1920
2017 - Sep,5624,1936
2017 - Sep,4930,1628
2017 - Sep,3856,1386
2017 - Sep,4146,1468
2017 - Sep,4846,1582
2017 - Sep,7040,2012
2017 - Sep,4789,1833
2017 - Sep,4540,1658
2017 - Sep,13325,5541
2017 - Oct,16010,6683
2017 - Oct,6540,2064
2017 - Oct,5696,1594
2017 - Oct,4432,1474
2017 - Oct,5218,1554
2017 - Oct,4462,1284
2017 - Oct,6302,1904
2017 - Oct,5988,1436
2017 - Oct,3848,1170
2017 - Oct,5010,1768
2017 - Oct,8861,2747
2017 - Oct,3758,1382
2017 - Oct,3554,1350
2017 - Oct,3094,1104
2017 - Oct,4630,1392
2017 - Oct,4498,1568
2017 - Oct,3304,1116
2017 - Oct,4182,1510
2017 - Oct,9305,2323
2017 - Oct,6038,2036
2017 - Oct,6562,2116
2017 - Oct,11976,3210
2017 - Nov,15404,5076
2017 - Nov,8636,2506
2017 - Nov,7760,2156
2017 - Nov,7304,2492
2017 - Nov,8578,2608
2017 - Nov,8232,2768
2017 - Nov,6944,2382
2017 - Nov,8174,2820
2017 - Nov,9158,2922
2017 - Nov,9262,2926
2017 - Nov,16084,5228
2017 - Nov,10392,3644
2017 - Nov,10794,3146
2017 - Nov,12301,3507
2017 - Nov,8170,2776
2017 - Nov,5696,1836
2017 - Nov,980,184
2017 - Nov,2632,780
2017 - Nov,7828,2244
2017 - Nov,8330,2454
2017 - Nov,8966,2532
2017 - Nov,14024,4435
2017 - Dec,15934,5360
2017 - Dec,8484,2634
2017 - Dec,7180,2438
2017 - Dec,8448,2500
2017 - Dec,8870,2916
2017 - Dec,9410,3370
2017 - Dec,10390,2816
2017 - Dec,11064,3442
2017 - Dec,8188,2561
2017 - Dec,10986,3006
2017 - Dec,17622,5842
2017 - Dec,7380,2326
2017 - Dec,6946,2132
2017 - Dec,7444,2623
2017 - Dec,6726,2170
2017 - Dec,5088,1722
2017 - Dec,14,10
2017 - Dec,4864,1162
2017 - Dec,5732,1490
2017 - Dec,5406,1732
2017 - Dec,17024,6136
2018 - Jan,14763,5987
2018 - Jan,26498,11091
2018 - Jan,9394,3170
2018 - Jan,6604,2298
2018 - Jan,7304,2507
2018 - Jan,6062,2106
2018 - Jan,4494,1333
2018 - Jan,5012,1796
2018 - Jan,3946,1334
2018 - Jan,7714,2696
2018 - Jan,3890,1358
2018 - Jan,11636,3966
2018 - Jan,7893,2368
2018 - Jan,6036,2178
2018 - Jan,7866,2028
2018 - Jan,8170,2647
2018 - Jan,6942,2446
2018 - Jan,7147,1891
2018 - Jan,6052,1783
2018 - Jan,4725,1309
2018 - Jan,4198,1389
2018 - Jan,5136,1549
2018 - Jan,8382,2903
2018 - Feb,10912,3245
2018 - Feb,5713,1690
2018 - Feb,5130,1730
2018 - Feb,5726,1848
2018 - Feb,4769,1809
2018 - Feb,6413,1933
2018 - Feb,6328,1866
2018 - Feb,5821,2105
2018 - Feb,8167,2488
2018 - Feb,6837,2236
2018 - Feb,14857,4169
2018 - Feb,7329,2430
2018 - Feb,1950,656
2018 - Feb,11247,3228
2018 - Feb,7973,2560
2018 - Feb,8872,2953
2018 - Feb,7728,2369
2018 - Feb,8657,2739
2018 - Feb,8254,2503
2018 - Feb,10439,3901
2018 - Mar,19727,6119
2018 - Mar,8861,2487
2018 - Mar,7122,2181
2018 - Mar,7473,2405
2018 - Mar,6862,2075
2018 - Mar,5938,2006
2018 - Mar,8116,2595
2018 - Mar,5016,1711
2018 - Mar,5676,1792
2018 - Mar,5325,1690
2018 - Mar,11272,3706
2018 - Mar,4558,1538
2018 - Mar,4504,1506
2018 - Mar,4495,1484
2018 - Mar,3457,1338
2018 - Mar,2431,896
2018 - Mar,3985,1154
2018 - Mar,3498,1191
2018 - Mar,3752,1165
2018 - Mar,3663,1252
2018 - Mar,9698,3908
2018 - Mar,6015,2419
2018 - Apr,15874,6115
2018 - Apr,4409,1410
2018 - Apr,4157,1424
2018 - Apr,4102,1464
2018 - Apr,4896,1522
2018 - Apr,3916,1694
2018 - Apr,3940,1164
2018 - Apr,3492,1254
2018 - Apr,3754,1502
2018 - Apr,5412,2200
2018 - Apr,8110,2956
2018 - Apr,5150,1632
2018 - Apr,4808,1760
2018 - Apr,4912,1864
2018 - Apr,4306,1548
2018 - Apr,5750,1951
2018 - Apr,6605,2389
2018 - Apr,7528,2445
2018 - Apr,9213,2921
2018 - Apr,6286,2678
2018 - Apr,12400,4245
2018 - May,24835,6703
2018 - May,10412,3772
2018 - May,11360,4014
2018 - May,9506,3676
2018 - May,11378,3628
2018 - May,12648,4362
2018 - May,11506,4410
2018 - May,12792,4472
2018 - May,9093,2966
2018 - May,9867,3419
2018 - May,19942,7120
2018 - May,12180,4998
2018 - May,11342,5170
2018 - May,9542,3480
2018 - May,9502,2778
2018 - May,9664,3766
2018 - May,12528,4886
2018 - May,10342,4590
2018 - May,6790,2352
2018 - May,516,172
2018 - May,9362,3154
2018 - May,11112,3508
2018 - May,11810,5170
2018 - Jun,22128,8160
2018 - Jun,8682,2994
2018 - Jun,9296,3316
2018 - Jun,10686,3716
2018 - Jun,9018,3386
2018 - Jun,8432,3238
2018 - Jun,9466,2818
2018 - Jun,8892,3106
2018 - Jun,7822,3198
2018 - Jun,9636,3330
2018 - Jun,14781,4925
2018 - Jun,6008,2166
2018 - Jun,6844,2534
2018 - Jun,8334,3372
2018 - Jun,4836,1909
2018 - Jun,4283,1625
2018 - Jun,3577,897
2018 - Jun,1092,450
2018 - Jun,692,218
2018 - Jun,1915,810
2018 - Jun,7792,3496
2018 - Jul,14938,5488
2018 - Jul,3614,1280
2018 - Jul,140,60
2018 - Jul,3772,1520
2018 - Jul,4328,1428
2018 - Jul,6882,1936
2018 - Jul,4156,1478
2018 - Jul,3534,1108
2018 - Jul,3168,1204
2018 - Jul,4732,2002
2018 - Jul,7064,2682
2018 - Jul,4200,1488
2018 - Jul,6160,2120
2018 - Jul,4544,1694
2018 - Jul,3928,1322
2018 - Jul,6062,1902
2018 - Jul,5512,1824
2018 - Jul,7236,2384
2018 - Jul,5924,2082
2018 - Jul,7634,1938
2018 - Jul,7078,2192
2018 - Jul,10606,4098
2018 - Aug,14894,5102
2018 - Aug,7584,2756
2018 - Aug,5990,2024
2018 - Aug,7406,2628
2018 - Aug,7232,2328
2018 - Aug,5890,2308
2018 - Aug,8080,2756
2018 - Aug,8182,2707
2018 - Aug,8668,2504
2018 - Aug,8430,2762
2018 - Aug,14506,4498
2018 - Aug,7678,2426
2018 - Aug,6344,1970
2018 - Aug,8370,2712
2018 - Aug,7152,2340
2018 - Aug,6658,2016
2018 - Aug,6294,2184
2018 - Aug,6426,1670
2018 - Aug,7966,2170
2018 - Aug,5452,1710
2018 - Aug,5362,1788
2018 - Aug,6482,2016
2018 - Aug,7718,3146
2018 - Sep,500,136
2018 - Sep,14372,3848
2018 - Sep,10838,2358
2018 - Sep,10318,2286
2018 - Sep,6156,2078
2018 - Sep,11318,2922
2018 - Sep,7090,1858
2018 - Sep,12072,2478
2018 - Sep,9082,2242
2018 - Sep,7746,2826
2018 - Sep,9126,2390
2018 - Sep,6808,1980
2018 - Sep,5062,1812
2018 - Sep,5356,1882
2018 - Sep,3200,1172
2018 - Sep,6620,1494
2018 - Sep,6742,2232
2018 - Sep,9198,2000
2018 - Sep,7016,1562
2018 - Sep,14466,4642
2018 - Oct,23426,9598
2018 - Oct,9374,1922
2018 - Oct,5060,1388
2018 - Oct,9010,1702
2018 - Oct,12003,2037
2018 - Oct,3744,978
2018 - Oct,8816,1586
2018 - Oct,4488,1286
2018 - Oct,8210,1482
2018 - Oct,6048,1360
2018 - Oct,13714,3600
2018 - Oct,4290,1374
2018 - Oct,8842,1988
2018 - Oct,4788,1328
2018 - Oct,7998,1450
2018 - Oct,7616,1578
2018 - Oct,8800,1992
2018 - Oct,5284,1520
2018 - Oct,7786,1666
2018 - Oct,5658,1894
2018 - Oct,10178,1884
2018 - Oct,7354,1966
2018 - Oct,14795,3305
2018 - Nov,14628,4440
2018 - Nov,11648,2662
2018 - Nov,6714,2368
2018 - Nov,6046,2056
2018 - Nov,6426,2452
2018 - Nov,13812,2750
2018 - Nov,8750,2500
2018 - Nov,12304,2874
2018 - Nov,9430,2618
2018 - Nov,12262,2966
2018 - Nov,20820,5768
2018 - Nov,13227,3197
2018 - Nov,9886,2590
2018 - Nov,12304,2692
2018 - Nov,5434,1932
2018 - Nov,616,132
2018 - Nov,7226,1268
2018 - Nov,8960,2001
2018 - Nov,10414,2318
2018 - Nov,10448,2300
2018 - Nov,11576,2456
2018 - Nov,13552,3860
2018 - Dec,12146,3972
2018 - Dec,12950,2816
2018 - Dec,2782,1198
2018 - Dec,11704,3310
2018 - Dec,14510,3418
2018 - Dec,12846,3410
2018 - Dec,12982,3132
2018 - Dec,9592,3010
2018 - Dec,10362,2746
2018 - Dec,12854,4024
2018 - Dec,14060,3390
2018 - Dec,6514,1940
2018 - Dec,10944,2796
2018 - Dec,10547,2593
2018 - Dec,12755,2722
2018 - Dec,9138,1190
2018 - Dec,68,60
2018 - Dec,5526,1430
2018 - Dec,5567,1267
2018 - Dec,11269,2223
2018 - Dec,60244,17807
2019 - Jan,15083,6602
2019 - Jan,29607,11186
2019 - Jan,8789,2759
2019 - Jan,14202,3420
2019 - Jan,5204,1804
2019 - Jan,6590,1822
2019 - Jan,3616,1476
2019 - Jan,5192,1608
2019 - Jan,4834,1704
2019 - Jan,5098,1946
2019 - Jan,10750,4288
2019 - Jan,4618,1884
2019 - Jan,5096,1924
2019 - Jan,5224,1874
2019 - Jan,1606,602
2019 - Jan,9374,2948
2019 - Jan,7244,2360
2019 - Jan,8232,2654
2019 - Jan,9164,2678
2019 - Jan,6013,2125
2019 - Jan,6822,2456
2019 - Jan,7120,2584
2019 - Jan,15350,5212
2019 - Feb,20600,6600
2019 - Feb,7760,2896
2019 - Feb,10626,3944
2019 - Feb,11174,3647
2019 - Feb,9190,3372
2019 - Feb,13300,3694
2019 - Feb,12956,4504
2019 - Feb,13174,3850
2019 - Feb,14408,4792
2019 - Feb,17744,5190
2019 - Feb,27890,7868
2019 - Feb,3004,1160
2019 - Feb,19710,5994
2019 - Feb,18238,5314
2019 - Feb,15740,5536
2019 - Feb,18144,5404
2019 - Feb,16552,5526
2019 - Feb,17652,5138
2019 - Feb,13718,4622
2019 - Feb,25834,8474
2019 - Mar,44854,12668
2019 - Mar,15858,4638
2019 - Mar,13806,4168
2019 - Mar,14534,4126
2019 - Mar,15830,4104
2019 - Mar,13318,4310
2019 - Mar,16280,3716
2019 - Mar,11512,3278
2019 - Mar,13340,2996
2019 - Mar,11808,3620
2019 - Mar,25240,7327
2019 - Mar,13984,2654
2019 - Mar,8460,2466
2019 - Mar,13554,3596
2019 - Mar,12672,2590
2019 - Mar,8432,2222
2019 - Mar,15206,2746
2019 - Mar,5500,1916
2019 - Mar,8968,2064
2019 - Mar,10549,2695
2019 - Mar,16007,5891
2019 - Apr,33406,11372
2019 - Apr,6988,1946
2019 - Apr,10432,2212
2019 - Apr,6806,1674
2019 - Apr,5646,1802
2019 - Apr,6300,1704
2019 - Apr,6692,1390
2019 - Apr,6396,1458
2019 - Apr,6708,1684
2019 - Apr,4304,1790
2019 - Apr,10974,3750
2019 - Apr,4044,1480
2019 - Apr,7022,2292
2019 - Apr,4266,1554
2019 - Apr,668,368
2019 - Apr,5284,1690
2019 - Apr,10522,2728
2019 - Apr,5612,2330
2019 - Apr,9096,2490
2019 - Apr,7220,2506
2019 - Apr,5978,2268
2019 - Apr,11112,4206
2019 - May,21040,6904
2019 - May,8340,3284
2019 - May,9754,3554
2019 - May,8514,3134
2019 - May,9898,3980
2019 - May,11534,4348
2019 - May,10524,4532
2019 - May,11496,3630
2019 - May,11326,3568
2019 - May,9223,3895
2019 - May,19070,7418
2019 - May,13602,5514
2019 - May,8834,3244
2019 - May,9158,3230
2019 - May,8508,3596
2019 - May,10620,4964
2019 - May,9818,4278
2019 - May,7862,2874
2019 - May,654,188
2019 - May,8306,2876
2019 - May,5612,2492
2019 - May,8988,3576
2019 - May,10392,4140
2019 - Jun,11952,5024
2019 - Jun,8720,2872
2019 - Jun,8523,3657
2019 - Jun,8788,3456
2019 - Jun,12270,3380
2019 - Jun,9342,3056
2019 - Jun,10688,3354
2019 - Jun,9414,3420
2019 - Jun,13296,3756
2019 - Jun,11598,3388
2019 - Jun,14254,3244
2019 - Jun,7692,2484
2019 - Jun,11218,3034
2019 - Jun,9740,3082
2019 - Jun,9300,2114
2019 - Jun,6404,1776
2019 - Jun,9836,2460
2019 - Jun,5916,1564
2019 - Jun,6114,2260
2019 - Jun,13502,5778
2019 - Jul,25986,10461
2019 - Jul,8866,1876
2019 - Jul,8520,1270
2019 - Jul,36,20
2019 - Jul,5216,1326
2019 - Jul,8530,1554
2019 - Jul,5364,1278
2019 - Jul,8162,1768
2019 - Jul,4814,1368
2019 - Jul,5258,1536
2019 - Jul,8390,3110
2019 - Jul,3656,1404
2019 - Jul,4708,1878
2019 - Jul,3956,1402
2019 - Jul,3184,1008
2019 - Jul,5850,1776
2019 - Jul,5144,1504
2019 - Jul,5704,2154
2019 - Jul,6052,1952
2019 - Jul,5920,2044
2019 - Jul,7676,2354
2019 - Jul,6750,2042
2019 - Jul,9144,3210
2019 - Aug,15910,5488
2019 - Aug,7346,2206
2019 - Aug,6488,2438
2019 - Aug,6114,2394
2019 - Aug,6296,2088
2019 - Aug,8114,3372
2019 - Aug,6650,2440
2019 - Aug,7005,2294
2019 - Aug,5634,1986
2019 - Aug,7476,2604
2019 - Aug,12992,4396
2019 - Aug,7214,2362
2019 - Aug,6536,2204
2019 - Aug,6214,2120
2019 - Aug,6290,2176
2019 - Aug,5438,1902
2019 - Aug,5498,1768
2019 - Aug,4808,1584
2019 - Aug,4538,1568
2019 - Aug,3488,1430
2019 - Aug,5000,1856
2019 - Aug,7922,2824
2019 - Sep,328,236
2019 - Sep,9722,3544
2019 - Sep,5450,1856
2019 - Sep,6452,2064
2019 - Sep,6448,2088
2019 - Sep,6906,1958
2019 - Sep,6512,2282
2019 - Sep,5912,1846
2019 - Sep,8600,2760
2019 - Sep,6610,2286
2019 - Sep,8280,2962
2019 - Sep,6570,2308
2019 - Sep,6332,2125
2019 - Sep,5209,1663
2019 - Sep,6384,1729
2019 - Sep,5604,1298
2019 - Sep,3498,1164
2019 - Sep,4930,1574
2019 - Sep,1859,724
2019 - Sep,4018,1414
2019 - Sep,16684,6832
2019 - Oct,20095,8169
2019 - Oct,4272,1632
2019 - Oct,4098,1546
2019 - Oct,2990,1126
2019 - Oct,5460,1754
2019 - Oct,3232,1086
2019 - Oct,1686,750
2019 - Oct,2668,1058
2019 - Oct,4412,1436
2019 - Oct,2640,810
2019 - Oct,8102,2896
2019 - Oct,4014,1416
2019 - Oct,3802,1114
2019 - Oct,2964,960
2019 - Oct,3380,1036
2019 - Oct,4464,1314
2019 - Oct,3426,1404
2019 - Oct,4414,1572
2019 - Oct,5224,1908
2019 - Oct,6168,1700
2019 - Oct,4978,1550
2019 - Oct,6240,1858
2019 - Oct,8576,2918
2019 - Nov,15134,4954
2019 - Nov,9248,2732
2019 - Nov,7118,2464
2019 - Nov,6122,2002
2019 - Nov,9244,2816
2019 - Nov,7248,2218
2019 - Nov,6208,2016
2019 - Nov,8706,2650
2019 - Nov,7266,2382
2019 - Nov,8196,2610
2019 - Nov,14084,4750
2019 - Nov,9126,2986
2019 - Nov,7270,2378
2019 - Nov,10550,3126
2019 - Nov,7016,2332
2019 - Nov,5724,2124
2019 - Nov,7860,2654
2019 - Nov,6741,2045
2019 - Nov,3766,1436
2019 - Nov,300,136
2019 - Nov,6473,1979
2019 - Dec,8914,3494
2019 - Dec,7470,2258
2019 - Dec,2434,917
2019 - Dec,486,235
2019 - Dec,91,47
